id,20_60T9_18,weekend,total_tourists
2428.0,413.27332063,1163.8984616,1577.17178223
2494.0,1129.3901909,2518.5750963,3647.9652872
2492.0,492.93788375,1439.2681731,1932.20605685
2493.0,638.7008778,1650.839327,2289.5402047999996
2491.0,417.77475095,1356.6376923,1774.41244325
