id,20_60T9_18,weekend,total_tourists
3382.0,1312.8951145,2548.779712,3861.6748265
3381.0,2619.0782062,5112.9569227,7732.0351289
3318.0,2340.4034733,2398.9524039,4739.3558772
3319.0,2290.5771755,2693.303173,4983.8803485
3320.0,976.1893511,864.7205769,1840.909928
3257.0,1909.5585501,1665.1150959,3574.673646
